Staat oder Gebiet,Langform des Staatsnamens,Hauptstadt,Einwohner2017,Flächein km²,Einw.pro km²,Flag­ge,ISO-3-Kürzel,ISO-2-Kürzel,TLD,Englischer Name,Lokaler Name
Erde,—,—,7.536.000.000,510.072.000 &nbsp; ges. * 135.700.000 &nbsp; ohne Antarktis und Ozeane,7536000 / 510072   3 ges. * 7536000 / 135700   3 &nbsp; ohne Antarktis und Ozeane,—,—,—,—,Earth,—
"Abchasien Teilweise anerkannt, kein Mitglied der Vereinten Nationen (siehe Anmerkungen ).","Republik Abchasien Übliche Langform des Namens, da der Staat umstritten ist, gibt es keine offizielle Langform.",Sochumi,"240.000 <!--bitte nur ändern, wenn es eine neue Quelle für alle Staaten gibt-->","8.600 <!--bitte nur ändern, wenn es eine neue Quelle für alle Staaten gibt-->",240000 / 8600   3,#,ABC,—,,Abkhazia,Aṗsny ( Abchasisch ) Abchazija ( Russisch )
Afghanistan,Islamische Republik Afghanistan,Kabul,"35.500.000 <!--bitte nur ändern, wenn es eine neue Quelle für alle Staaten gibt-->","652.230 <!--bitte nur ändern, wenn es eine neue Quelle für alle Staaten gibt-->",35500000 / 652230   3,Afghanistan,AFG,AF,.af,Afghanistan,Afghānestān
Ägypten,Arabische Republik Ägypten,Kairo,"93.400.000 <!--bitte nur ändern, wenn es eine neue Quelle für alle Staaten gibt-->","1.001.450 <!--bitte nur ändern, wenn es eine neue Quelle für alle Staaten gibt-->",93400000 / 1001450   3,Egypt,EGY,EG,.eg,Egypt,Misr
Albanien,Republik Albanien,Tirana,"2.900.000 <!--bitte nur ändern, wenn es eine neue Quelle für alle Staaten gibt-->","28.748 <!--bitte nur ändern, wenn es eine neue Quelle für alle Staaten gibt-->",2900000 / 28748   3,Albania,ALB,AL,.al,Albania,Shqipëria
Algerien,Demokratische Volksrepublik Algerien,Algier,"42.200.000 <!--bitte nur ändern, wenn es eine neue Quelle für alle Staaten gibt-->","2.381.741 <!--bitte nur ändern, wenn es eine neue Quelle für alle Staaten gibt-->",42200000 / 2381741   3,Algeria,DZA,DZ,.dz,Algeria,al-Dschazā'ir
Andorra,Fürstentum Andorra,Andorra la Vella,"80.000 <!--bitte nur ändern, wenn es eine neue Quelle für alle Staaten gibt-->","468 <!--bitte nur ändern, wenn es eine neue Quelle für alle Staaten gibt-->",85000 / 468   3,Andorra,AND,AD,.ad,Andorra,Andorra
Angola,Republik Angola,Luanda,"28.600.000 <!--bitte nur ändern, wenn es eine neue Quelle für alle Staaten gibt-->","1.246.700 <!--bitte nur ändern, wenn es eine neue Quelle für alle Staaten gibt-->",28600000 / 1246700   3,Angola,AGO,AO,.ao,Angola,Angola
Antigua und Barbuda,Antigua und Barbuda,Saint John’s,"100.000 <!--bitte nur ändern, wenn es eine neue Quelle für alle Staaten gibt-->","443 <!--bitte nur ändern, wenn es eine neue Quelle für alle Staaten gibt-->",100000 / 443   3,Antigua and Barbuda,ATG,AG,.ag,Antigua and Barbuda,Antigua and Barbuda
Äquatorialguinea,Republik Äquatorial &shy; guinea,Malabo,"1.300.000 <!--bitte nur ändern, wenn es eine neue Quelle für alle Staaten gibt-->","28.051 <!--bitte nur ändern, wenn es eine neue Quelle für alle Staaten gibt-->",1300000 / 28051   3,Equatorial Guinea,GNQ,GQ,.gq,Equatorial Guinea,Guinea Ecuatorial
Argentinien,Argentinische Republik,Buenos Aires,"44.300.000 <!--bitte nur ändern, wenn es eine neue Quelle für alle Staaten gibt-->","2.780.400 <!--bitte nur ändern, wenn es eine neue Quelle für alle Staaten gibt-->",44300000 / 2780400   3,Argentina,ARG,AR,.ar,Argentina,Argentina
Armenien,Republik Armenien,Jerewan,"3.000.000 <!--bitte nur ändern, wenn es eine neue Quelle für alle Staaten gibt-->","29.743 <!--bitte nur ändern, wenn es eine neue Quelle für alle Staaten gibt-->",3000000 / 29743   3,Armenia,ARM,AM,.am,Armenia,Hayastan
"Arzach Von keinem anderen Staat anerkannt, kein Mitglied der Vereinten Nationen (siehe Anmerkungen ).",Republik Arzach,Stepanakert,"135.000 <!--bitte nur ändern, wenn es eine neue Quelle für alle Staaten gibt-->","11.500 <!--bitte nur ändern, wenn es eine neue Quelle für alle Staaten gibt-->",135000 / 11500   3,#,,,,Republic of Artsakh,Arzachi Hanrapetutjun
Aserbaidschan,Republik Aserbaidschan,Baku,"9.900.000 <!--bitte nur ändern, wenn es eine neue Quelle für alle Staaten gibt-->","86.600 <!--bitte nur ändern, wenn es eine neue Quelle für alle Staaten gibt-->",9900000 / 86600   3,Azerbaijan,AZE,AZ,.az,Azerbaijan,Azǝrbaycan
Äthiopien,Demokratische Bundesrepublik Äthiopien,Addis Abeba,"105.000.000 <!--bitte nur ändern, wenn es eine neue Quelle für alle Staaten gibt-->","1.104.300 <!--bitte nur ändern, wenn es eine neue Quelle für alle Staaten gibt-->",105000000 / 1104300   3,Ethiopia,ETH,ET,.et,Ethiopia,Ityop'iya
Australien,Australien,Canberra,"24.500.000 <!--bitte nur ändern, wenn es eine neue Quelle für alle Staaten gibt-->","7.741.220 <!--bitte nur ändern, wenn es eine neue Quelle für alle Staaten gibt-->",24500000 / 7741220   3,Australia,AUS,AU,.au,Australia,Australia
Bahamas,Commonwealth der Bahamas,Nassau,"400.000 <!--bitte nur ändern, wenn es eine neue Quelle für alle Staaten gibt-->","13.880 <!--bitte nur ändern, wenn es eine neue Quelle für alle Staaten gibt-->",400000 / 13880   3,Bahamas,BHS,BS,.bs,Bahamas,Bahamas
Bahrain,Königreich Bahrain,Manama,"1.500.000 <!--bitte nur ändern, wenn es eine neue Quelle für alle Staaten gibt-->","760 <!--bitte nur ändern, wenn es eine neue Quelle für alle Staaten gibt-->",1500000 / 760   3,Bahrain,BHR,BH,.bh,Bahrain,al-Bahrayn
Bangladesch,Volksrepublik Bangladesch,Dhaka,"164.700.000 <!--bitte nur ändern, wenn es eine neue Quelle für alle Staaten gibt-->","143.998 <!--bitte nur ändern, wenn es eine neue Quelle für alle Staaten gibt-->",164700000 / 143998   3,Bangladesh,BGD,BD,.bd,Bangladesh,Bāṃlādeś
Barbados,Barbados,Bridgetown,"300.000 <!--bitte nur ändern, wenn es eine neue Quelle für alle Staaten gibt-->","430 <!--bitte nur ändern, wenn es eine neue Quelle für alle Staaten gibt-->",300000 / 430   3,Barbados,BRB,BB,.bb,Barbados,Barbados
Belgien,Königreich Belgien,Brüssel,"11.300.000 <!--bitte nur ändern, wenn es eine neue Quelle für alle Staaten gibt-->","30.528 <!--bitte nur ändern, wenn es eine neue Quelle für alle Staaten gibt-->",11200000 / 30528   3,Belgium,BEL,BE,.be,Belgium,België ( niederländisch ) Belgique ( französisch ) Belgien ( deutsch )
Belize,Belize,Belmopan,"400.000 <!--bitte nur ändern, wenn es eine neue Quelle für alle Staaten gibt-->","22.966 <!--bitte nur ändern, wenn es eine neue Quelle für alle Staaten gibt-->",400000 / 22966   3,Belize,BLZ,BZ,.bz,Belize,Belize
Benin,Republik Benin,Porto-Novo,"11.200.000 <!--bitte nur ändern, wenn es eine neue Quelle für alle Staaten gibt-->","112.622 <!--bitte nur ändern, wenn es eine neue Quelle für alle Staaten gibt-->",11200000 / 112622   3,Benin,BEN,BJ,.bj,Benin,Bénin
Bhutan,Königreich Bhutan,Thimphu,"800.000 <!--bitte nur ändern, wenn es eine neue Quelle für alle Staaten gibt-->","38.394 <!--bitte nur ändern, wenn es eine neue Quelle für alle Staaten gibt-->",800000 / 38394   3,Bhutan,BTN,BT,.bt,Bhutan,Bhutan
Bolivien,Plurinationaler Staat Bolivien,Sucre,"11.100.000 <!--bitte nur ändern, wenn es eine neue Quelle für alle Staaten gibt-->","1.098.581 <!--bitte nur ändern, wenn es eine neue Quelle für alle Staaten gibt-->",11100000 / 1098581   3,Bolivia,BOL,BO,.bo,Bolivia,Bolivia
Bosnien und Herzegowina,Bosnien und Herzegowina,Sarajevo,"3.500.000 <!--bitte nur ändern, wenn es eine neue Quelle für alle Staaten gibt-->","51.197 <!--bitte nur ändern, wenn es eine neue Quelle für alle Staaten gibt-->",3500000 / 51197   3,Bosnia and Herzegovina,BIH,BA,.ba,Bosnia and Herzegovina,Bosna i Hercegovina
Botswana,Republik Botsuana,Gaborone,"2.300.000 <!--bitte nur ändern, wenn es eine neue Quelle für alle Staaten gibt-->","581.730 <!--bitte nur ändern, wenn es eine neue Quelle für alle Staaten gibt-->",2300000 / 581730   3,Botswana,BWA,BW,.bw,Botswana,Botswana
Brasilien,Föderative Republik Brasilien,Brasília,"207.900.000 <!--bitte nur ändern, wenn es eine neue Quelle für alle Staaten gibt-->","8.514.877 <!--bitte nur ändern, wenn es eine neue Quelle für alle Staaten gibt-->",207900000 / 8514877   3,Brazil,BRA,BR,.br,Brazil,Brasil
Brunei,Brunei Darussalam,Bandar Seri Begawan,"400.000 <!--bitte nur ändern, wenn es eine neue Quelle für alle Staaten gibt-->","5.765 <!--bitte nur ändern, wenn es eine neue Quelle für alle Staaten gibt-->",400000 / 5765   3,Brunei,BRN,BN,.bn,Brunei Darussalam,Negara Brunei Darussalam
Bulgarien,Republik Bulgarien,Sofia,"7.100.000 <!--bitte nur ändern, wenn es eine neue Quelle für alle Staaten gibt-->","110.879 <!--bitte nur ändern, wenn es eine neue Quelle für alle Staaten gibt-->",7100000 / 110879   3,Bulgaria,BGR,BG,.bg,Bulgaria,Bălgarija
Burkina Faso,Burkina Faso,Ouagadougou,"19.600.000 <!--bitte nur ändern, wenn es eine neue Quelle für alle Staaten gibt-->","274.200 <!--bitte nur ändern, wenn es eine neue Quelle für alle Staaten gibt-->",19600000 / 274200   3,Burkina Faso,BFA,BF,.bf,Burkina Faso,Burkina Faso
Burundi,Republik Burundi,Gitega,"10.400.000 <!--bitte nur ändern, wenn es eine neue Quelle für alle Staaten gibt-->","27.830 <!--bitte nur ändern, wenn es eine neue Quelle für alle Staaten gibt-->",11400000 / 27830   3,Burundi,BDI,BI,.bi,Burundi,Burundi
Chile,Republik Chile,Santiago de Chile,"18.400.000 <!--bitte nur ändern, wenn es eine neue Quelle für alle Staaten gibt-->","756.102 <!--bitte nur ändern, wenn es eine neue Quelle für alle Staaten gibt-->",18400000 / 756102   3,Chile,CHL,CL,.cl,Chile,Chile
"Republik China Umfasst Taiwan , Penghu , Lan Yu , Lü Dao , Kinmen , Matsu , Taiping Dao und Dongsha .","Republik China (Taiwan) (D, A) Taiwan (Chinesisch Taipei) (CH)",Taipeh,"23.600.000 <!--bitte nur ändern, wenn es eine neue Quelle für alle Staaten gibt-->","35.980 <!--bitte nur ändern, wenn es eine neue Quelle für alle Staaten gibt-->",23600000 / 35980   3,Taiwan,TWN,TW,.tw,Taiwan oder Republic of China,中華民國 Zhonghua Minguo
Volksrepublik China mit Hongkong (HK) und Macau (MO),Volksrepublik China,Peking,"1.386.800.000 Kernland * 7.400.000 &nbsp; HK &nbsp; * 600.000 &nbsp; MO <!--bitte nur ändern, wenn es eine neue Quelle für alle Staaten gibt-->","9.596.961 &nbsp; ges. * 1.104 &nbsp; HK * 28,2 &nbsp; MO <!--bitte nur ändern, wenn es eine neue Quelle für alle Staaten gibt-->",1386800000 / 9596961   3 &nbsp; ges. * 7400000 / 1104   3 &nbsp; HK * 600000 / 28.2   3 &nbsp; MO,China # #,CHN,CN,.cn,China,中华人民共和国 Zhonghua Renmin Gongheguo
Cookinseln,Cookinseln,Avarua,"11.500 <!--bitte nur ändern, wenn es eine neue Quelle für alle Staaten gibt-->","236 <!--bitte nur ändern, wenn es eine neue Quelle für alle Staaten gibt-->",11500 / 236   3,Cook Islands,COK,CK,.ck,Cook Islands,Cook Islands
Costa Rica,Republik Costa Rica,San José,"4.900.000 <!--bitte nur ändern, wenn es eine neue Quelle für alle Staaten gibt-->","51.100 <!--bitte nur ändern, wenn es eine neue Quelle für alle Staaten gibt-->",4900000 / 51100   3,Costa Rica,CRI,CR,.cr,Costa Rica,Costa Rica
Dänemark mit Färöer (FO) und Grönland (GL),Königreich Dänemark,Kopenhagen,"5.748.769 Kernland * 48.354 &nbsp; FO * 56.584 &nbsp; GL * 5.853.707 &nbsp; ges. <!--bitte nur ändern, wenn es eine neue Quelle für alle Staaten gibt-->","43.094 &nbsp; Kernland * 1.393 &nbsp; FO * 2.166.086 &nbsp; GL * 2.210.573 &nbsp; ges. <!--bitte nur ändern, wenn es eine neue Quelle für alle Staaten gibt-->","128,0 &nbsp; Kernland * 35,2 &nbsp; FO * 0,03 &nbsp; GL * 2,5 &nbsp; ges.",Denmark Faroe Islands Greenland,DNK,DK,.dk,Denmark,Danmark
Deutschland,Bundesrepublik Deutschland,Berlin,"83.100.000 <!--bitte nur ändern, wenn es eine neue Quelle für alle Staaten gibt-->","357.121 <!--bitte nur ändern, wenn es eine neue Quelle für alle Staaten gibt-->",231,Germany,DEU,DE,.de,Germany,Deutschland
Dominica,Commonwealth Dominica,Roseau,"73.000 <!--bitte nur ändern, wenn es eine neue Quelle für alle Staaten gibt-->","751 <!--bitte nur ändern, wenn es eine neue Quelle für alle Staaten gibt-->",73000 / 751   3,Dominica,DMA,DM,.dm,Dominica,Dominica
Dominikanische Republik,Dominikanische Republik,Santo Domingo,"10.700.000 <!--bitte nur ändern, wenn es eine neue Quelle für alle Staaten gibt-->","48.670 <!--bitte nur ändern, wenn es eine neue Quelle für alle Staaten gibt-->",10700000 / 48670   3,Dominican Republic,DOM,DO,.do,Dominican Republic,República Dominicana
Dschibuti,Republik Dschibuti,Dschibuti-Stadt,"1.000.000 <!--bitte nur ändern, wenn es eine neue Quelle für alle Staaten gibt-->","23.200 <!--bitte nur ändern, wenn es eine neue Quelle für alle Staaten gibt-->",1000000 / 23200   3,Djibouti,DJI,DJ,.dj,Djibouti,Djibouti
Ecuador,Republik Ecuador,Quito,"16.800.000 <!--bitte nur ändern, wenn es eine neue Quelle für alle Staaten gibt-->","283.561 <!--bitte nur ändern, wenn es eine neue Quelle für alle Staaten gibt-->",16800000 / 283561   3,Ecuador,ECU,EC,.ec,Ecuador,Ecuador
El Salvador,Republik El Salvador,San Salvador,"6.400.000 <!--bitte nur ändern, wenn es eine neue Quelle für alle Staaten gibt-->","21.041 <!--bitte nur ändern, wenn es eine neue Quelle für alle Staaten gibt-->",6400000 / 21041   3,El Salvador,SLV,SV,.sv,El Salvador,El Salvador
Elfenbeinküste,Republik Côte d’Ivoire,Yamoussoukro,"24.400.000 <!--bitte nur ändern, wenn es eine neue Quelle für alle Staaten gibt-->","322.463 <!--bitte nur ändern, wenn es eine neue Quelle für alle Staaten gibt-->",24400000 / 322463   3,Ivory Coast,CIV,CI,.ci,Ivory Coast,Côte d’Ivoire
Eritrea,Staat Eritrea,Asmara,"5.900.000 <!--bitte nur ändern, wenn es eine neue Quelle für alle Staaten gibt-->","117.600 <!--bitte nur ändern, wenn es eine neue Quelle für alle Staaten gibt-->",5900000 / 117600   3,Eritrea,ERI,ER,.er,Eritrea,Ertra
Estland,Republik Estland,Tallinn,"1.300.000 <!--bitte nur ändern, wenn es eine neue Quelle für alle Staaten gibt-->","45.228 <!--bitte nur ändern, wenn es eine neue Quelle für alle Staaten gibt-->",1300000 / 45228   3,Estonia,EST,EE,.ee,Estonia,Eesti
Eswatini,Königreich Eswatini,Mbabane,"1.400.000 <!--bitte nur ändern, wenn es eine neue Quelle für alle Staaten gibt-->","17.364 <!--bitte nur ändern, wenn es eine neue Quelle für alle Staaten gibt-->",1400000 / 17364   3,Swaziland,SWZ,SZ,.sz,Eswatini,Eswatini (engl.) eSwatini ( siSwati )
Fidschi,Republik Fidschi,Suva,"900.000 <!--bitte nur ändern, wenn es eine neue Quelle für alle Staaten gibt-->","18.274 <!--bitte nur ändern, wenn es eine neue Quelle für alle Staaten gibt-->",900000 / 18274   3,Fiji,FJI,FJ,.fj,Fiji,Fiji
Finnland,Republik Finnland,Helsinki,"5.500.000 <!--bitte nur ändern, wenn es eine neue Quelle für alle Staaten gibt-->","338.145 <!--bitte nur ändern, wenn es eine neue Quelle für alle Staaten gibt-->",5500000 / 338145   3,Finland,FIN,FI (SF),.fi,Finland,Suomi ( finnisch ) Finland ( schwedisch )
Frankreich ohne Überseegebiete,Französische Republik,Paris,"65.000.000 <!--bitte nur ändern, wenn es eine neue Quelle für alle Staaten gibt-->","551.500 <!--bitte nur ändern, wenn es eine neue Quelle für alle Staaten gibt-->",65000000 / 551500   3,France,FRA,FR,.fr,France,France
Gabun,Gabunische Republik,Libreville,"2.000.000 <!--bitte nur ändern, wenn es eine neue Quelle für alle Staaten gibt-->","267.667 <!--bitte nur ändern, wenn es eine neue Quelle für alle Staaten gibt-->",2000000 / 267667   3,Gabon,GAB,GA,.ga,Gabon,Gabon
Gambia,Republik Gambia,Banjul,"2.100.000 <!--bitte nur ändern, wenn es eine neue Quelle für alle Staaten gibt-->","11.295 <!--bitte nur ändern, wenn es eine neue Quelle für alle Staaten gibt-->",2100000 / 11295   3,Gambia,GMB,GM,.gm,"Gambia, the","Gambia, the"
Georgien mit Abchasien und Südossetien,Georgien,Tiflis,"3.900.000 <!--bitte nur ändern, wenn es eine neue Quelle für alle Staaten gibt-->","69.700 <!--bitte nur ändern, wenn es eine neue Quelle für alle Staaten gibt-->",3900000 / 69700   3,Georgia,GEO,GE,.ge,Georgia,Sak’art'velo
Ghana,Republik Ghana,Accra,"28.800.000 <!--bitte nur ändern, wenn es eine neue Quelle für alle Staaten gibt-->","238.533 <!--bitte nur ändern, wenn es eine neue Quelle für alle Staaten gibt-->",28800000 / 238533   3,Ghana,GHA,GH,.gh,Ghana,Ghana
Grenada,Grenada,St. George’s,"108.000 <!--bitte nur ändern, wenn es eine neue Quelle für alle Staaten gibt-->","344 <!--bitte nur ändern, wenn es eine neue Quelle für alle Staaten gibt-->",108000 / 344   3,Grenada,GRD,GD,.gd,Grenada,Grenada
Griechenland,Hellenische Republik,Athen,"10.700.000 <!--bitte nur ändern, wenn es eine neue Quelle für alle Staaten gibt-->","131.957 <!--bitte nur ändern, wenn es eine neue Quelle für alle Staaten gibt-->",10700000 / 131957   3,Greece,GRC,GR,.gr,Greece,"Elláda, Ellás"
Guatemala,Republik Guatemala,Guatemala-Stadt,"16.900.000 <!--bitte nur ändern, wenn es eine neue Quelle für alle Staaten gibt-->","108.889 <!--bitte nur ändern, wenn es eine neue Quelle für alle Staaten gibt-->",16900000 / 108889   3,Guatemala,GTM,GT,.gt,Guatemala,Guatemala
Guinea,Republik Guinea,Conakry,"11.500.000 <!--bitte nur ändern, wenn es eine neue Quelle für alle Staaten gibt-->","245.857 <!--bitte nur ändern, wenn es eine neue Quelle für alle Staaten gibt-->",11500000 / 245857   3,Guinea,GIN,GN,.gn,Guinea,Guinée
Guinea-Bissau,Republik Guinea-Bissau,Bissau,"1.900.000 <!--bitte nur ändern, wenn es eine neue Quelle für alle Staaten gibt-->","36.125 <!--bitte nur ändern, wenn es eine neue Quelle für alle Staaten gibt-->",1900000 / 36125   3,Guinea-Bissau,GNB,GW,.gw,Guinea-Bissau,Guiné-Bissau
Guyana,Kooperative Republik Guyana,Georgetown,"800.000 <!--bitte nur ändern, wenn es eine neue Quelle für alle Staaten gibt-->","214.969 <!--bitte nur ändern, wenn es eine neue Quelle für alle Staaten gibt-->",800000 / 214969   3,Guyana,GUY,GY,.gy,Guyana,Guyana
Haiti,Republik Haiti,Port-au-Prince,"10.600.000 <!--bitte nur ändern, wenn es eine neue Quelle für alle Staaten gibt-->","27.750 <!--bitte nur ändern, wenn es eine neue Quelle für alle Staaten gibt-->",10600000 / 27750   3,Haiti,HTI,HT,.ht,Haiti,Haïti
Honduras,Republik Honduras,Tegucigalpa,"8.900.000 <!--bitte nur ändern, wenn es eine neue Quelle für alle Staaten gibt-->","112.090 <!--bitte nur ändern, wenn es eine neue Quelle für alle Staaten gibt-->",8900000 / 112090   3,Honduras,HND,HN,.hn,Honduras,Honduras
Indien mit Kaschmir,Republik Indien,Neu-Delhi,"1.352.600.000 <!--bitte nur ändern, wenn es eine neue Quelle für alle Staaten gibt-->","3.287.263 <!--bitte nur ändern, wenn es eine neue Quelle für alle Staaten gibt-->",1352600000 / 3287263   3,India,IND,IN,.in,India,India ( englisch ) Bharat ( Hindi )
Indonesien,Republik Indonesien,Jakarta,"264.000.000 <!--bitte nur ändern, wenn es eine neue Quelle für alle Staaten gibt-->","1.904.569 <!--bitte nur ändern, wenn es eine neue Quelle für alle Staaten gibt-->",264000000 / 1904569   3,Indonesia,IDN,ID,.id,Indonesia,Indonesia
Irak,Republik Irak,Bagdad,"39.200.000 <!--bitte nur ändern, wenn es eine neue Quelle für alle Staaten gibt-->","438.317 <!--bitte nur ändern, wenn es eine neue Quelle für alle Staaten gibt-->",39200000 / 438317   3,Iraq,IRQ,IQ,.iq,Iraq,al-ʿIrāq
Iran,Islamische Republik Iran,Teheran,"80.600.000 <!--bitte nur ändern, wenn es eine neue Quelle für alle Staaten gibt-->","1.648.195 <!--bitte nur ändern, wenn es eine neue Quelle für alle Staaten gibt-->",80600000 / 1648195   3,Iran,IRN,IR,.ir,Iran,Īrān
Irland,Irland,Dublin,"4.800.000 <!--bitte nur ändern, wenn es eine neue Quelle für alle Staaten gibt-->","70.273 <!--bitte nur ändern, wenn es eine neue Quelle für alle Staaten gibt-->",4800000 / 70273   3,Ireland,IRL,IE,.ie,Ireland,Éire ( irisch ) Ireland ( englisch )
Island,Republik Island,Reykjavík,"350.000 <!--bitte nur ändern, wenn es eine neue Quelle für alle Staaten gibt-->","103.000 <!--bitte nur ändern, wenn es eine neue Quelle für alle Staaten gibt-->",350000 / 103000   3,Iceland,ISL,IS,.is,Iceland,Ísland
"Israel mit Golanhöhen und Ostjerusalem , ohne Gazastreifen und Westjordanland",Staat Israel,Jerusalem,"8.600.000 <!--bitte nur ändern, wenn es eine neue Quelle für alle Staaten gibt-->","22.380 <!--bitte nur ändern, wenn es eine neue Quelle für alle Staaten gibt-->",8600000 / 22380   3,Israel,ISR,IL,.il,Israel,Yisra’el
Italien,Italienische Republik,Rom,"60.500.000 <!--bitte nur ändern, wenn es eine neue Quelle für alle Staaten gibt-->","301.340 <!--bitte nur ändern, wenn es eine neue Quelle für alle Staaten gibt-->",60500000 / 301340   3,Italy,ITA,IT,.it,Italy,Italia
Jamaika,Jamaika,Kingston,"2.900.000 <!--bitte nur ändern, wenn es eine neue Quelle für alle Staaten gibt-->","10.991 <!--bitte nur ändern, wenn es eine neue Quelle für alle Staaten gibt-->",2900000 / 10991   3,Jamaica,JAM,JM,.jm,Jamaica,Jamaica
Japan,Japan,Tokio,"126.700.000 <!--bitte nur ändern, wenn es eine neue Quelle für alle Staaten gibt-->","377.915 <!--bitte nur ändern, wenn es eine neue Quelle für alle Staaten gibt-->",126700000 / 377915   3,Japan,JPN,JP,.jp,Japan,ja 日本 Nihon/Nippon
Jemen,Republik Jemen,Sanaa (de jure) Aden (de facto),"28.300.000 <!--bitte nur ändern, wenn es eine neue Quelle für alle Staaten gibt-->","527.968 <!--bitte nur ändern, wenn es eine neue Quelle für alle Staaten gibt-->",28300000 / 527968   3,Yemen,YEM,YE,.ye,Yemen,al-Yaman
Jordanien,Haschemitisches Königreich Jordanien,Amman,"9.700.000 <!--bitte nur ändern, wenn es eine neue Quelle für alle Staaten gibt-->","89.342 <!--bitte nur ändern, wenn es eine neue Quelle für alle Staaten gibt-->",9700000 / 89342   3,Jordan,JOR,JO,.jo,Jordan,الأُرْدُنّ
Kambodscha,Königreich Kambodscha,Phnom Penh,"15.900.000 <!--bitte nur ändern, wenn es eine neue Quelle für alle Staaten gibt-->","181.035 <!--bitte nur ändern, wenn es eine neue Quelle für alle Staaten gibt-->",15900000/ 181035   3,Cambodia,KHM,KH,.kh,Cambodia,Kampuchea
Kamerun,Republik Kamerun,Yaoundé,"25.000.000 <!--bitte nur ändern, wenn es eine neue Quelle für alle Staaten gibt-->","475.440 <!--bitte nur ändern, wenn es eine neue Quelle für alle Staaten gibt-->",25000000 / 475440   3,Cameroon,CMR,CM,.cm,Cameroon,Cameroun ( französisch ) Cameroon ( englisch )
Kanada,Kanada,Ottawa,"36.700.000 <!--bitte nur ändern, wenn es eine neue Quelle für alle Staaten gibt-->","9.984.670 <!--bitte nur ändern, wenn es eine neue Quelle für alle Staaten gibt-->",36700000 / 9984670   3,Canada,CAN,CA,.ca,Canada,Canada
Kap Verde,Republik Cabo Verde,Praia,"517.000 <!--bitte nur ändern, wenn es eine neue Quelle für alle Staaten gibt-->","4.033 <!--bitte nur ändern, wenn es eine neue Quelle für alle Staaten gibt-->",517000 / 4033   3,Cape Verde,CPV,CV,.cv,Cape Verde,Cabo Verde
Kasachstan,Republik Kasachstan,Nur-Sultan,"18.000.000 <!--bitte nur ändern, wenn es eine neue Quelle für alle Staaten gibt-->","2.724.900 <!--bitte nur ändern, wenn es eine neue Quelle für alle Staaten gibt-->",18000000 / 2724900   3,Kazakhstan,KAZ,KZ,.kz,Kazakhstan,Qazaqstan ( kasachisch ) Kasachstan ( russisch )
Katar,Staat Katar,Doha,"2.700.000 <!--bitte nur ändern, wenn es eine neue Quelle für alle Staaten gibt-->","11.586 <!--bitte nur ändern, wenn es eine neue Quelle für alle Staaten gibt-->",2700000 / 11586   3,Qatar,QAT,QA,.qa,Qatar,Dawlat Qatar
Kenia,Republik Kenia,Nairobi,"49.700.000 <!--bitte nur ändern, wenn es eine neue Quelle für alle Staaten gibt-->","580.367 <!--bitte nur ändern, wenn es eine neue Quelle für alle Staaten gibt-->",49700000 / 580367   3,Kenya,KEN,KE,.ke,Kenya,Kenya
Kirgisistan,Kirgisische Republik,Bischkek,"6.200.000 <!--bitte nur ändern, wenn es eine neue Quelle für alle Staaten gibt-->","199.951 <!--bitte nur ändern, wenn es eine neue Quelle für alle Staaten gibt-->",6200000 / 199951   3,Kyrgyzstan,KGZ,KG,.kg,Kyrgyzstan,Kyrgyzstan ( kirgisisch ) Kirgisija ( russisch )
Kiribati,Republik Kiribati,South Tarawa,"100.000 <!--bitte nur ändern, wenn es eine neue Quelle für alle Staaten gibt-->","811 <!--bitte nur ändern, wenn es eine neue Quelle für alle Staaten gibt-->",100000 / 811   3,Kiribati,KIR,KI,.ki,Kiribati,Kiribati oder Kiribas
Kolumbien,Republik Kolumbien,Bogotá,"49.300.000 <!--bitte nur ändern, wenn es eine neue Quelle für alle Staaten gibt-->","1.138.910 <!--bitte nur ändern, wenn es eine neue Quelle für alle Staaten gibt-->",49300000 / 1138910   3,Colombia,COL,CO,.co,Colombia,Colombia
Komoren,Union der Komoren,Moroni,"800.000 <!--bitte nur ändern, wenn es eine neue Quelle für alle Staaten gibt-->","2.235 <!--bitte nur ändern, wenn es eine neue Quelle für alle Staaten gibt-->",800000 / 2235   3,Comoros,COM,KM,.km,Comoros,Comores
"Kongo, Demokratische Republik",Demokratische Republik Kongo,Kinshasa,"81.500.000 <!--bitte nur ändern, wenn es eine neue Quelle für alle Staaten gibt-->","2.344.858 <!--bitte nur ändern, wenn es eine neue Quelle für alle Staaten gibt-->",81500000 / 2344858   3,Democratic Republic of the Congo,COD,CD,.cd,"Congo, Democratic Republic of the (Kinshasa)","Congo, République Démocratique du"
"Kongo, Republik",Republik Kongo,Brazzaville,"5.000.000 <!--bitte nur ändern, wenn es eine neue Quelle für alle Staaten gibt-->","342.000 <!--bitte nur ändern, wenn es eine neue Quelle für alle Staaten gibt-->",5000000 / 342000   3,Republic of the Congo,COG,CG,.cg,"Congo, Republic of (Brazzaville)","Congo, République du"
"Korea, Nord",Demokratische Volksrepublik Korea,Pjöngjang,"25.500.000 <!--bitte nur ändern, wenn es eine neue Quelle für alle Staaten gibt-->","120.538 <!--bitte nur ändern, wenn es eine neue Quelle für alle Staaten gibt-->",25500000 / 120538   3,North Korea,PRK,KP,.kp,"Korea, Democratic People's Republic of (North Korea)","ko-Hang 조선민주주의인민공화국 , ko-Hani 朝鮮民主主義人民共和國 Chosŏn"
"Korea, Süd",Republik Korea,Seoul,"51.400.000 <!--bitte nur ändern, wenn es eine neue Quelle für alle Staaten gibt-->","99.720 <!--bitte nur ändern, wenn es eine neue Quelle für alle Staaten gibt-->",51400000 / 99720   3,South Korea,KOR,KR,.kr,"Korea, Republic of (South Korea)",ko-Hang 대한민국 ko-Hani 大韓民國 Hanguk/Namhan
Kosovo,Republik Kosovo,Pristina,"1.800.000 <!--bitte nur ändern, wenn es eine neue Quelle für alle Staaten gibt-->","10.887 <!--bitte nur ändern, wenn es eine neue Quelle für alle Staaten gibt-->",1800000 / 10887   3,Kosovo,XXK Für Kosovo ist bislang kein Code nach DIN EN ISO 3166-1 festgelegt worden. Die Europäische Kommission verwendet provisorisch den benutzerdefinierten 2-Buchstaben-Code XK; die EU-Ratsarbeitsgruppe Visa den benutzerdefinierten 3-Buchstaben-Code XXK (siehe [https://www.auswaertiges-amt.de/blob/199312/b0a5390592510509069f042af523c659/staatennamen-data.pdf Angabe des Auswärtigen Amtes] ; PDF; 429 &nbsp; kB).,XK,,Kosovo,Kosova/Kosovë ( ) Kosovo/Косово ( )
Kroatien,Republik Kroatien,Zagreb (Agram),"4.100.000 <!--bitte nur ändern, wenn es eine neue Quelle für alle Staaten gibt-->","56.594 <!--bitte nur ändern, wenn es eine neue Quelle für alle Staaten gibt-->",4100000 / 56594   3,Croatia,HRV,HR,.hr,Croatia,Hrvatska
Kuba,Republik Kuba,Havanna,"11.300.000 <!--bitte nur ändern, wenn es eine neue Quelle für alle Staaten gibt-->","110.860 <!--bitte nur ändern, wenn es eine neue Quelle für alle Staaten gibt-->",11300000 / 110860   3,Cuba,CUB,CU,.cu,Cuba,Cuba
Kuwait,Staat Kuwait,Kuwait-Stadt,"4.100.000 <!--bitte nur ändern, wenn es eine neue Quelle für alle Staaten gibt-->","17.818 <!--bitte nur ändern, wenn es eine neue Quelle für alle Staaten gibt-->",4100000 / 17818   3,Kuwait,KWT,KW,.kw,Kuwait,al-Kuwayt
Laos,Demokratische Volksrepublik Laos,Vientiane,"7.000.000 <!--bitte nur ändern, wenn es eine neue Quelle für alle Staaten gibt-->","236.800 <!--bitte nur ändern, wenn es eine neue Quelle für alle Staaten gibt-->",7000000 / 236800   3,Laos,LAO,LA,.la,"Lao, People’s Democratic Republic of",Lao
Lesotho,Königreich Lesotho,Maseru,"2.200.000 <!--bitte nur ändern, wenn es eine neue Quelle für alle Staaten gibt-->","30.355 <!--bitte nur ändern, wenn es eine neue Quelle für alle Staaten gibt-->",2200000 / 30355   3,Lesotho,LSO,LS,.ls,Lesotho,Lesotho
Lettland,Republik Lettland,Riga,"1.900.000 <!--bitte nur ändern, wenn es eine neue Quelle für alle Staaten gibt-->","64.589 <!--bitte nur ändern, wenn es eine neue Quelle für alle Staaten gibt-->",1900000 / 64589   3,Latvia,LVA,LV,.lv,Latvia,Latvija
Libanon,Libanesische Republik,Beirut,"6.200.000 <!--bitte nur ändern, wenn es eine neue Quelle für alle Staaten gibt-->","10.400 <!--bitte nur ändern, wenn es eine neue Quelle für alle Staaten gibt-->",6200000 / 10400   3,Lebanon,LBN,LB,.lb,Lebanon,Lubnān
Liberia,Republik Liberia,Monrovia,"4.700.000 <!--bitte nur ändern, wenn es eine neue Quelle für alle Staaten gibt-->","111.369 <!--bitte nur ändern, wenn es eine neue Quelle für alle Staaten gibt-->",4700000 / 111369   3,Liberia,LBR,LR,.lr,Liberia,Liberia
Libyen,Staat Libyen,Tripolis,"6.400.000 <!--bitte nur ändern, wenn es eine neue Quelle für alle Staaten gibt-->","1.759.540 <!--bitte nur ändern, wenn es eine neue Quelle für alle Staaten gibt-->",6400000 / 1759540   3,Libya,LBY,LY,.ly,Libya,Lībiyā
Liechtenstein,Fürstentum Liechtenstein,"Vaduz Keine (offizielle) Hauptstadt, siehe dazu die #Vorbemerkungen zur Hauptstadt .","40.000 <!--bitte nur ändern, wenn es eine neue Quelle für alle Staaten gibt-->","160 <!--bitte nur ändern, wenn es eine neue Quelle für alle Staaten gibt-->",40000 / 160   3,Liechtenstein,LIE,LI,.li,Liechtenstein,Liechtenstein
Litauen,Republik Litauen,Vilnius (Wilna),"2.800.000 <!--bitte nur ändern, wenn es eine neue Quelle für alle Staaten gibt-->","65.300 <!--bitte nur ändern, wenn es eine neue Quelle für alle Staaten gibt-->",2800000 / 65300   3,Lithuania,LTU,LT,.lt,Lithuania,Lietuva
Luxemburg,Großherzogtum Luxemburg,Luxemburg,"600.000 <!--bitte nur ändern, wenn es eine neue Quelle für alle Staaten gibt-->","2.586 <!--bitte nur ändern, wenn es eine neue Quelle für alle Staaten gibt-->",600000 / 2586   3,Luxembourg,LUX,LU,.lu,Luxembourg,Luxemburg ( deutsch ) Luxembourg ( französisch ) Lëtzebuerg ( luxemburgisch )
Madagaskar,Republik Madagaskar,Antananarivo,"25.500.000 <!--bitte nur ändern, wenn es eine neue Quelle für alle Staaten gibt-->","587.041 <!--bitte nur ändern, wenn es eine neue Quelle für alle Staaten gibt-->",25500000 / 587041   3,Madagascar,MDG,MG,.mg,Madagascar,Madagascar
Malawi,Republik Malawi,Lilongwe,"18.600.000 <!--bitte nur ändern, wenn es eine neue Quelle für alle Staaten gibt-->","118.484 <!--bitte nur ändern, wenn es eine neue Quelle für alle Staaten gibt-->",18600000 / 118484   3,Malawi,MWI,MW,.mw,Malawi,Malawi
Malaysia,Malaysia,Kuala Lumpur,"31.600.000 <!--bitte nur ändern, wenn es eine neue Quelle für alle Staaten gibt-->","329.847 <!--bitte nur ändern, wenn es eine neue Quelle für alle Staaten gibt-->",31600000 / 329847   3,Malaysia,MYS,MY,.my,Malaysia,Malaysia
Malediven,Republik Malediven,Malé,"400.000 <!--bitte nur ändern, wenn es eine neue Quelle für alle Staaten gibt-->","298 <!--bitte nur ändern, wenn es eine neue Quelle für alle Staaten gibt-->",400000 / 298   3,Maldives,MDV,MV,.mv,Maldives,Dhivehi Raajje
Mali,Republik Mali,Bamako,"18.900.000 <!--bitte nur ändern, wenn es eine neue Quelle für alle Staaten gibt-->","1.240.192 <!--bitte nur ändern, wenn es eine neue Quelle für alle Staaten gibt-->",18900000 / 1240192   3,Mali,MLI,ML,.ml,Mali,Mali
Malta,Republik Malta,Valletta,"438.000 <!--bitte nur ändern, wenn es eine neue Quelle für alle Staaten gibt-->","316 <!--bitte nur ändern, wenn es eine neue Quelle für alle Staaten gibt-->",438000 / 316   3,Malta,MLT,MT,.mt,Malta,Malta
Marokko ohne Westsahara (EH),Königreich Marokko,Rabat,"35.100.000 <!--bitte nur ändern, wenn es eine neue Quelle für alle Staaten gibt-->","446.550 <!--bitte nur ändern, wenn es eine neue Quelle für alle Staaten gibt-->",35100000 / 446550   3,Morocco,MAR,MA,.ma,Morocco,al-Maghrib
Marshallinseln,Republik Marshallinseln,Majuro,"60.000 <!--bitte nur ändern, wenn es eine neue Quelle für alle Staaten gibt-->","181 <!--bitte nur ändern, wenn es eine neue Quelle für alle Staaten gibt-->",60000 / 181   3,Marshall Islands,MHL,MH,.mh,Marshall Islands,Marshall Islands
Mauretanien,Islamische Republik Mauretanien,Nouakchott,"4.400.000 <!--bitte nur ändern, wenn es eine neue Quelle für alle Staaten gibt-->","1.030.700 <!--bitte nur ändern, wenn es eine neue Quelle für alle Staaten gibt-->",4400000 / 1030700   3,Mauritania,MRT,MR,.mr,Mauritania,Mūrītānīya
Mauritius,Republik Mauritius,Port Louis,"1.300.000 <!--bitte nur ändern, wenn es eine neue Quelle für alle Staaten gibt-->","2.040 <!--bitte nur ändern, wenn es eine neue Quelle für alle Staaten gibt-->",1300000 / 2040   3,Mauritius,MUS,MU,.mu,Mauritius,Mauritius
Mexiko,Vereinigte Mexikanische Staaten,Mexiko-Stadt,"129.200.000 <!--bitte nur ändern, wenn es eine neue Quelle für alle Staaten gibt-->","1.964.375 <!--bitte nur ändern, wenn es eine neue Quelle für alle Staaten gibt-->",129200000 / 1964375   3,Mexico,MEX,MX,.mx,Mexico,México
Mikronesien,Föderierte Staaten von Mikronesien,Palikir,"107.000 <!--bitte nur ändern, wenn es eine neue Quelle für alle Staaten gibt-->","702 <!--bitte nur ändern, wenn es eine neue Quelle für alle Staaten gibt-->",107000 / 702   3,Federated States of Micronesia,FSM,FM,.fm,"Micronesia, Federal States of",Micronesia
Moldau mit Transnistrien,"Republik Moldau (D, A) Republik Moldova (CH)",Chișinău,"3.900.000 <!--bitte nur ändern, wenn es eine neue Quelle für alle Staaten gibt-->","33.851 <!--bitte nur ändern, wenn es eine neue Quelle für alle Staaten gibt-->",3900000 / 33851   3,Moldova,MDA,MD,.md,Moldova,Moldova
Monaco,Fürstentum Monaco,Stadtstaat,"37.800 <!--bitte nur ändern, wenn es eine neue Quelle für alle Staaten gibt-->","2,03 http://www.gouv.mc/content/download/204612/2347864/file/monaco%20statistics%20pocket%202015%20FR.pdf",37800 / 2.03   3,Monaco,MCO,MC,.mc,Monaco,Monaco
Mongolei,Mongolei,Ulaanbaatar,"3.200.000 <!--bitte nur ändern, wenn es eine neue Quelle für alle Staaten gibt-->","1.564.116 <!--bitte nur ändern, wenn es eine neue Quelle für alle Staaten gibt-->",3200000 / 1564116   3,Mongolia,MNG,MN,.mn,Mongolia,Mongol Uls
Montenegro,Montenegro,Podgorica,"600.000 <!--bitte nur ändern, wenn es eine neue Quelle für alle Staaten gibt-->","13.812 <!--bitte nur ändern, wenn es eine neue Quelle für alle Staaten gibt-->",600000 / 13812   3,Montenegro,MNE,ME,.me,Montenegro,Crna Gora
Mosambik,Republik Mosambik,Maputo,"29.700.000 <!--bitte nur ändern, wenn es eine neue Quelle für alle Staaten gibt-->","799.380 <!--bitte nur ändern, wenn es eine neue Quelle für alle Staaten gibt-->",29700000 / 799380   3,Mozambique,MOZ,MZ,.mz,Mozambique,Moçambique
Myanmar,Republik der Union Myanmar,Naypyidaw,"53.400.000 <!--bitte nur ändern, wenn es eine neue Quelle für alle Staaten gibt-->","676.578 <!--bitte nur ändern, wenn es eine neue Quelle für alle Staaten gibt-->",53400000 / 676578   3,Myanmar,MMR,MM,.mm,Myanmar oder Burma,Myanma Naingngandaw
Namibia,Republik Namibia,Windhoek,"2.500.000 <!--bitte nur ändern, wenn es eine neue Quelle für alle Staaten gibt-->","824.292 <!--bitte nur ändern, wenn es eine neue Quelle für alle Staaten gibt-->",2500000 / 824292   3,Namibia,NAM,NA,.na,Namibia,Namibia
Nauru,Republik Nauru,Yaren,"10.000 <!--bitte nur ändern, wenn es eine neue Quelle für alle Staaten gibt-->","21 <!--bitte nur ändern, wenn es eine neue Quelle für alle Staaten gibt-->",10000 / 21   3,Nauru,NRU,NR,.nr,Nauru,Nauru
Nepal,Demokratische Bundesrepublik Nepal,Kathmandu,"29.400.000 <!--bitte nur ändern, wenn es eine neue Quelle für alle Staaten gibt-->","147.181 <!--bitte nur ändern, wenn es eine neue Quelle für alle Staaten gibt-->",29400000 / 147181   3,Nepal,NPL,NP,.np,Nepal,Nepal
Neuseeland,Neuseeland,Wellington,"4.800.000 <!--bitte nur ändern, wenn es eine neue Quelle für alle Staaten gibt-->","267.710 <!--bitte nur ändern, wenn es eine neue Quelle für alle Staaten gibt-->",4800000 / 267710   3,New Zealand,NZL,NZ,.nz,New Zealand,New Zealand ( englisch ) Aotearoa ( maorisch )
Nicaragua,Republik Nicaragua,Managua,"6.200.000 <!--bitte nur ändern, wenn es eine neue Quelle für alle Staaten gibt-->","130.730 <!--bitte nur ändern, wenn es eine neue Quelle für alle Staaten gibt-->",6200000 / 130730   3,Nicaragua,NIC,NI,.ni,Nicaragua,Nicaragua
"Niederlande ohne Aruba (AW), Curaçao (CW) und Sint Maarten (SX)",Königreich der Niederlande,Amsterdam,"17.100.000 <!--bitte nur ändern, wenn es eine neue Quelle für alle Staaten gibt-->","41.543 <!--bitte nur ändern, wenn es eine neue Quelle für alle Staaten gibt-->",17100000 / 41543   3,Netherlands,NLD,NL,.nl,Netherlands,Nederland
Niger,Republik Niger,Niamey,"20.600.000 <!--bitte nur ändern, wenn es eine neue Quelle für alle Staaten gibt-->","1.267.000 <!--bitte nur ändern, wenn es eine neue Quelle für alle Staaten gibt-->",20600000 / 1267000   3,Niger,NER,NE,.ne,Niger,Niger
Nigeria,Bundesrepublik Nigeria,Abuja,"190.900.000 <!--bitte nur ändern, wenn es eine neue Quelle für alle Staaten gibt-->","923.768 <!--bitte nur ändern, wenn es eine neue Quelle für alle Staaten gibt-->",190900000 / 923768   3,Nigeria,NGA,NG,.ng,Nigeria,Nigeria
Niue,Niue,Alofi,"1.229 <!--bitte nur ändern, wenn es eine neue Quelle für alle Staaten gibt-->","260 <!--bitte nur ändern, wenn es eine neue Quelle für alle Staaten gibt-->",1229 / 260   3,Niue,NIU,NU,.nu,Niue,Niue
Nordmazedonien,Republik Nordmazedonien Am 8. April 1993 unter der vorläufigen Bezeichnung Ehemalige jugoslawische Republik Mazedonien in die Vereinten Nationen aufgenommen; diese Bezeichnung gilt nur für Zwecke der Vereinten Nationen. Bis 11. Februar 2019 war die Bezeichnung „Mazedonien“.,Skopje,"2.100.000 <!--bitte nur ändern, wenn es eine neue Quelle für alle Staaten gibt-->","25.713 <!--bitte nur ändern, wenn es eine neue Quelle für alle Staaten gibt-->",2100000 / 25713   3,North Macedonia,MKD,MK,.mk,North Macedonia,Severna Makedonija ( mazedonisch ) Maqedonia e Veriut ( albanisch )
"Nordzypern Nur von der Türkei anerkannt, kein Mitglied der Vereinten Nationen (siehe Anmerkungen ).",Türkische Republik Nordzypern,Nord-Nikosia,"295.000 <!--bitte nur ändern, wenn es eine neue Quelle für alle Staaten gibt-->","3.355 <!--bitte nur ändern, wenn es eine neue Quelle für alle Staaten gibt-->",295000 / 3355   3,#,,,,Turkish Republic of Northern Cyprus,Kuzey Kıbrıs Türk Cumhuriyeti
Norwegen ohne Svalbard (SJ),Königreich Norwegen,Oslo,"5.300.000 <!--bitte nur ändern, wenn es eine neue Quelle für alle Staaten gibt-->","323.802 <!--bitte nur ändern, wenn es eine neue Quelle für alle Staaten gibt-->",5300000 / 323802   3,Norway,NOR,NO,.no,Norway,Norge ( bokmål ) Noreg ( nynorsk )
Oman,Sultanat Oman,Maskat,"4.700.000 <!--bitte nur ändern, wenn es eine neue Quelle für alle Staaten gibt-->","309.500 <!--bitte nur ändern, wenn es eine neue Quelle für alle Staaten gibt-->",4700000 / 309500   3,Oman,OMN,OM,.om,Oman,ʿUmān
Österreich,Republik Österreich,Wien,"8.800.000 <!--bitte nur ändern, wenn es eine neue Quelle für alle Staaten gibt-->","83.871 <!--bitte nur ändern, wenn es eine neue Quelle für alle Staaten gibt-->",8800000 / 83871   3,Austria,AUT,AT,.at,Austria,Österreich
Osttimor / Timor-Leste,Demokratische Republik Timor-Leste,Dili,"1.300.000 <!--bitte nur ändern, wenn es eine neue Quelle für alle Staaten gibt-->","14.874 <!--bitte nur ändern, wenn es eine neue Quelle für alle Staaten gibt-->",1300000 / 14874   3,Timor-Leste,TLS,TL (TP),.tl ( .tp ),East Timor oder Timor-Leste,Timor-Leste
Pakistan ohne Kaschmir,Islamische Republik Pakistan,Islamabad,"207.600.000 <!--bitte nur ändern, wenn es eine neue Quelle für alle Staaten gibt-->","796.095 <!--bitte nur ändern, wenn es eine neue Quelle für alle Staaten gibt-->",207600000 / 796095   3,Pakistan,PAK,PK,.pk,Pakistan,Pākistān
Palästina,Staat Palästina,Ostjerusalem (beansprucht) und Ramallah (de facto),"4.900.000 <!--bitte nur ändern, wenn es eine neue Quelle für alle Staaten gibt-->","6.220 <!--bitte nur ändern, wenn es eine neue Quelle für alle Staaten gibt-->",4900000 / 6220   3,Palestine,PSE,PS,.ps,Palestine,Dawlat Filastīn
Palau,Republik Palau,Ngerulmud,"21.000 <!--bitte nur ändern, wenn es eine neue Quelle für alle Staaten gibt-->","459 <!--bitte nur ändern, wenn es eine neue Quelle für alle Staaten gibt-->",21000 / 459   3,Palau,PLW,PW,.pw,Palau,Belau
Panama,Republik Panama,Panama-Stadt,"4.100.000 <!--bitte nur ändern, wenn es eine neue Quelle für alle Staaten gibt-->","75.420 <!--bitte nur ändern, wenn es eine neue Quelle für alle Staaten gibt-->",4100000 / 75420   3,Panama,PAN,PA,.pa,Panama,Panamá
Papua-Neuguinea,Unabhängiger Staat Papua-Neuguinea,Port Moresby,"8.300.000 <!--bitte nur ändern, wenn es eine neue Quelle für alle Staaten gibt-->","462.840 <!--bitte nur ändern, wenn es eine neue Quelle für alle Staaten gibt-->",8300000 / 462840   3,Papua New Guinea,PNG,PG,.pg,Papua New Guinea,Papua Niu Gini
Paraguay,Republik Paraguay,Asunción,"6.800.000 <!--bitte nur ändern, wenn es eine neue Quelle für alle Staaten gibt-->","406.752 <!--bitte nur ändern, wenn es eine neue Quelle für alle Staaten gibt-->",6800000 / 406752   3,Paraguay,PRY,PY,.py,Paraguay,Paraguay ( spanisch ) Paraguái ( Guaraní )
Peru,Republik Peru,Lima,"31.800.000 <!--bitte nur ändern, wenn es eine neue Quelle für alle Staaten gibt-->","1.285.216 <!--bitte nur ändern, wenn es eine neue Quelle für alle Staaten gibt-->",31800000 / 1285216   3,Peru,PER,PE,.pe,Peru,Perú
Philippinen,Republik der Philippinen,Manila,"105.000.000 <!--bitte nur ändern, wenn es eine neue Quelle für alle Staaten gibt-->","299.000 <!--bitte nur ändern, wenn es eine neue Quelle für alle Staaten gibt-->",105000000 / 299000   3,Philippines,PHL,PH,.ph,Philippines,Pilipinas
Polen,Republik Polen,Warschau,"38.400.000 <!--bitte nur ändern, wenn es eine neue Quelle für alle Staaten gibt-->","312.685 <!--bitte nur ändern, wenn es eine neue Quelle für alle Staaten gibt-->",38400000 / 312685   3,Poland,POL,PL,.pl,Poland,Polska
Portugal,Portugiesische Republik,Lissabon,"10.300.000 <!--bitte nur ändern, wenn es eine neue Quelle für alle Staaten gibt-->","92.090 <!--bitte nur ändern, wenn es eine neue Quelle für alle Staaten gibt-->",10300000 / 92090   3,Portugal,PRT,PT,.pt,Portugal,Portugal
Ruanda,Republik Ruanda,Kigali,"12.300.000 <!--bitte nur ändern, wenn es eine neue Quelle für alle Staaten gibt-->","26.338 <!--bitte nur ändern, wenn es eine neue Quelle für alle Staaten gibt-->",12300000 / 26338   3,Rwanda,RWA,RW,.rw,Rwanda,Rwanda
Rumänien,Rumänien,Bukarest,"19.600.000 <!--bitte nur ändern, wenn es eine neue Quelle für alle Staaten gibt-->","238.391 <!--bitte nur ändern, wenn es eine neue Quelle für alle Staaten gibt-->",19600000 / 238391   3,Romania,ROU,RO,.ro,Romania,România
Russland ohne Krim,Russische Föderation,Moskau,"144.500.000 <!--bitte nur ändern, wenn es eine neue Quelle für alle Staaten gibt-->","17.098.242 <!--bitte nur ändern, wenn es eine neue Quelle für alle Staaten gibt-->",144500000 / 17098242   3,Russia,RUS,RU,.ru,Russia oder Russian Federation,Россия (Rossija) oder Российская Федерация (Rossijskaja Federacija)
Salomonen,"Salomonen (D, A) Salomoninseln (CH)",Honiara,"700.000 <!--bitte nur ändern, wenn es eine neue Quelle für alle Staaten gibt-->","28.896 <!--bitte nur ändern, wenn es eine neue Quelle für alle Staaten gibt-->",700000 / 28896   3,Solomon Islands,SLB,SB,.sb,Solomon Islands,Solomon Islands
Sambia,Republik Sambia,Lusaka,"16.400.000 <!--bitte nur ändern, wenn es eine neue Quelle für alle Staaten gibt-->","752.618 <!--bitte nur ändern, wenn es eine neue Quelle für alle Staaten gibt-->",16400000 / 752618   3,Zambia,ZMB,ZM,.zm,Zambia,Zambia
Samoa,Unabhängiger Staat Samoa,Apia,"200.000 <!--bitte nur ändern, wenn es eine neue Quelle für alle Staaten gibt-->","2.831 <!--bitte nur ändern, wenn es eine neue Quelle für alle Staaten gibt-->",200000 / 2831   3,Samoa,WSM,WS,.ws,Samoa,Samoa
San Marino,Republik San Marino,San Marino,"32.800 <!--bitte nur ändern, wenn es eine neue Quelle für alle Staaten gibt-->","61 <!--bitte nur ändern, wenn es eine neue Quelle für alle Staaten gibt-->",32800 / 61   3,San Marino,SMR,SM,.sm,San Marino,San Marino
São Tomé und Príncipe,Demokratische Republik São Tomé und Príncipe,São Tomé,"200.000 <!--bitte nur ändern, wenn es eine neue Quelle für alle Staaten gibt-->","964 <!--bitte nur ändern, wenn es eine neue Quelle für alle Staaten gibt-->",200000 / 964   3,São Tomé and Príncipe,STP,ST,.st,São Tomé and Príncipe,São Tomé e Príncipe
Saudi-Arabien,Königreich Saudi-Arabien,Riad,"32.600.000 <!--bitte nur ändern, wenn es eine neue Quelle für alle Staaten gibt-->","2.149.690 <!--bitte nur ändern, wenn es eine neue Quelle für alle Staaten gibt-->",32600000 / 2149690   3,Saudi Arabia,SAU,SA,.sa,Saudi Arabia,al-ʿArabīya as-Saʿudīya
Schweden,Königreich Schweden,Stockholm,"10.100.000 <!--bitte nur ändern, wenn es eine neue Quelle für alle Staaten gibt-->","450.295 <!--bitte nur ändern, wenn es eine neue Quelle für alle Staaten gibt-->",10100000 / 450295   3,Sweden,SWE,SE,.se,Sweden,Sverige
Schweiz,Schweizerische Eid &shy; genossen &shy; schaft,Bern,"8.500.000 <!--bitte nur ändern, wenn es eine neue Quelle für alle Staaten gibt-->","41.277 <!--bitte nur ändern, wenn es eine neue Quelle für alle Staaten gibt-->",8500000 / 41277   3,Switzerland,CHE,CH,.ch,Switzerland,Schweiz ( deutsch ) Suisse ( französisch ) Svizzera ( italienisch ) Svizra ( bündner&shy;romanisch )
Senegal,Republik Senegal,Dakar,"15.800.000 <!--bitte nur ändern, wenn es eine neue Quelle für alle Staaten gibt-->","196.722 <!--bitte nur ändern, wenn es eine neue Quelle für alle Staaten gibt-->",15800000 / 196722   3,Senegal,SEN,SN,.sn,Senegal,Sénégal
Serbien ohne Kosovo,Republik Serbien,Belgrad,"7.000.000 <!--bitte nur ändern, wenn es eine neue Quelle für alle Staaten gibt-->","77.474 <!--bitte nur ändern, wenn es eine neue Quelle für alle Staaten gibt-->",7000000 / 77474   3,Serbia,SRB,RS,.rs,Serbia,Srbija
Seychellen,Republik Seychellen,Victoria,"90.000 <!--bitte nur ändern, wenn es eine neue Quelle für alle Staaten gibt-->","455 <!--bitte nur ändern, wenn es eine neue Quelle für alle Staaten gibt-->",90000 / 455   3,Seychelles,SYC,SC,.sc,Seychelles,"Seychelles ( englisch , französisch ) Sesel ( Seychellenkreol )"
Sierra Leone,Republik Sierra Leone,Freetown,"7.600.000 <!--bitte nur ändern, wenn es eine neue Quelle für alle Staaten gibt-->","71.740 <!--bitte nur ändern, wenn es eine neue Quelle für alle Staaten gibt-->",7600000 / 71740   3,Sierra Leone,SLE,SL,.sl,Sierra Leone,Sierra Leone
Simbabwe,Republik Simbabwe,Harare,"16.600.000 <!--bitte nur ändern, wenn es eine neue Quelle für alle Staaten gibt-->","390.757 <!--bitte nur ändern, wenn es eine neue Quelle für alle Staaten gibt-->",16600000 / 390757   3,Zimbabwe,ZWE,ZW,.zw,Zimbabwe,Zimbabwe
Singapur,Republik Singapur,Stadtstaat,"5.700.000 <!--bitte nur ändern, wenn es eine neue Quelle für alle Staaten gibt-->","697 <!--bitte nur ändern, wenn es eine neue Quelle für alle Staaten gibt-->",5700000 / 697   3,Singapore,SGP,SG,.sg,Singapore,Singapore
Slowakei,Slowakische Republik,Bratislava (Pressburg),"5.400.000 <!--bitte nur ändern, wenn es eine neue Quelle für alle Staaten gibt-->","49.035 <!--bitte nur ändern, wenn es eine neue Quelle für alle Staaten gibt-->",5400000 / 49035   3,Slovakia,SVK,SK,.sk,Slovakia,Slovensko
Slowenien,Republik Slowenien,Ljubljana (Laibach),"2.100.000 <!--bitte nur ändern, wenn es eine neue Quelle für alle Staaten gibt-->","20.273 <!--bitte nur ändern, wenn es eine neue Quelle für alle Staaten gibt-->",2100000 / 20273   3,Slovenia,SVN,SI,.si,Slovenia,Slovenija
Somalia mit Somaliland,Bundesrepublik Somalia,Mogadischu,"14.700.000 <!--bitte nur ändern, wenn es eine neue Quelle für alle Staaten gibt-->","637.657 <!--bitte nur ändern, wenn es eine neue Quelle für alle Staaten gibt-->",14700000 / 637657   3,Somalia,SOM,SO,.so,Somalia,Soomaaliya ( Somali ) as-Sūmāl ( arabisch )
Somaliland,Republik Somaliland,Hargeysa,"3.500.000 <!--bitte nur ändern, wenn es eine neue Quelle für alle Staaten gibt-->","137.600 <!--bitte nur ändern, wenn es eine neue Quelle für alle Staaten gibt-->",3500000 / 137600   3,#,,,,Somaliland,Soomaaliland
Spanien,Königreich Spanien,Madrid,"46.600.000 <!--bitte nur ändern, wenn es eine neue Quelle für alle Staaten gibt-->","505.370 <!--bitte nur ändern, wenn es eine neue Quelle für alle Staaten gibt-->",46600000 / 505370   3,Spain,ESP,ES,.es,Spain,España
Sri Lanka,Demokratische Sozialistische Republik Sri Lanka,Sri Jayewardenepura (de jure) Colombo (de facto),"21.400.000 <!--bitte nur ändern, wenn es eine neue Quelle für alle Staaten gibt-->","65.610 <!--bitte nur ändern, wenn es eine neue Quelle für alle Staaten gibt-->",21400000 / 65610   3,Sri Lanka,LKA,LK,.lk,Sri Lanka,Sri Lanka
St. Kitts und Nevis Auch als St. Christopher und Nevis bezeichnet.,"Föderation St. Kitts und Nevis (D, CH) St. Kitts und Nevis (A)",Basseterre,"50.000 <!--bitte nur ändern, wenn es eine neue Quelle für alle Staaten gibt-->","261 <!--bitte nur ändern, wenn es eine neue Quelle für alle Staaten gibt-->",50000 / 261   3,Saint Kitts and Nevis,KNA,KN,.kn,Saint Kitts and Nevis,Saint Kitts and Nevis
St. Lucia,St. Lucia,Castries,"200.000 <!--bitte nur ändern, wenn es eine neue Quelle für alle Staaten gibt-->","616 <!--bitte nur ändern, wenn es eine neue Quelle für alle Staaten gibt-->",200000 / 616   3,Saint Lucia,LCA,LC,.lc,Saint Lucia,Saint Lucia
St. Vincent und die Grenadinen,St. Vincent und die Grenadinen,Kingstown,"104.000 <!--bitte nur ändern, wenn es eine neue Quelle für alle Staaten gibt-->","389 <!--bitte nur ändern, wenn es eine neue Quelle für alle Staaten gibt-->",104000 / 389   3,Saint Vincent and the Grenadines,VCT,VC,.vc,Saint Vincent and the Grenadines,Saint Vincent and the Grenadines
Südafrika,Republik Südafrika,Pretoria,"56.500.000 <!--bitte nur ändern, wenn es eine neue Quelle für alle Staaten gibt-->","1.219.090 <!--bitte nur ändern, wenn es eine neue Quelle für alle Staaten gibt-->",56500000 / 1219090   3,South Africa,ZAF,ZA,.za,South Africa,South Africa ( englisch ) und zehn weitere
Sudan,Republik Sudan,Khartum,"40.600.000 <!--bitte nur ändern, wenn es eine neue Quelle für alle Staaten gibt-->","1.886.068 <!--bitte nur ändern, wenn es eine neue Quelle für alle Staaten gibt-->",40600000 / 1886068   3,Sudan,SDN,SD,.sd,Sudan,as-Sūdān
Südossetien,Südossetien,Zchinwali,"51.000 <!--bitte nur ändern, wenn es eine neue Quelle für alle Staaten gibt-->","3.885 <!--bitte nur ändern, wenn es eine neue Quelle für alle Staaten gibt-->",51000 / 3885   3,#,SOS,,,South Ossetia,Južnaja Osetija ( russisch )
Südsudan,Republik Südsudan,Juba,"12.600.000 <!--bitte nur ändern, wenn es eine neue Quelle für alle Staaten gibt-->","619.745 <!--bitte nur ändern, wenn es eine neue Quelle für alle Staaten gibt-->",12600000 / 619745   3,South Sudan,SSD,SS,.ss,South Sudan,South Sudan
Suriname,Republik Suriname,Paramaribo,"600.000 <!--bitte nur ändern, wenn es eine neue Quelle für alle Staaten gibt-->","163.820 <!--bitte nur ändern, wenn es eine neue Quelle für alle Staaten gibt-->",600000 / 163820   3,Suriname,SUR,SR,.sr,Suriname,Suriname
Syrien mit Golanhöhen,Arabische Republik Syrien,Damaskus,"18.300.000 <!--bitte nur ändern, wenn es eine neue Quelle für alle Staaten gibt-->","185.180 <!--bitte nur ändern, wenn es eine neue Quelle für alle Staaten gibt-->",18300000 / 185180   3,Syria,SYR,SY,.sy,Syria,Sūriyā
Tadschikistan,Republik Tadschikistan,Duschanbe,"8.800.000 <!--bitte nur ändern, wenn es eine neue Quelle für alle Staaten gibt-->","143.100 <!--bitte nur ändern, wenn es eine neue Quelle für alle Staaten gibt-->",8800000 / 143100   3,Tajikistan,TJK,TJ,.tj,Tajikistan,Todschikiston
Tansania,Vereinigte Republik Tansania,Dodoma,"57.500.000 <!--bitte nur ändern, wenn es eine neue Quelle für alle Staaten gibt-->","947.300 <!--bitte nur ändern, wenn es eine neue Quelle für alle Staaten gibt-->",57500000 / 947300   3,Tanzania,TZA,TZ,.tz,Tanzania,Tanzania
Thailand,Königreich Thailand,Bangkok,"66.100.000 <!--bitte nur ändern, wenn es eine neue Quelle für alle Staaten gibt-->","513.120 <!--bitte nur ändern, wenn es eine neue Quelle für alle Staaten gibt-->",66100000 / 513120   3,Thailand,THA,TH,.th,Thailand,Prathet Thai
Togo,Republik Togo,Lomé,"7.800.000 <!--bitte nur ändern, wenn es eine neue Quelle für alle Staaten gibt-->","56.785 <!--bitte nur ändern, wenn es eine neue Quelle für alle Staaten gibt-->",7800000 / 56785   3,Togo,TGO,TG,.tg,Togo,Togo
Tonga,Königreich Tonga,Nukuʻalofa,"123.000 <!--bitte nur ändern, wenn es eine neue Quelle für alle Staaten gibt-->","747 <!--bitte nur ändern, wenn es eine neue Quelle für alle Staaten gibt-->",123000 / 747   3,Tonga,TON,TO,.to,Tonga,Tonga
"Transnistrien Von keinem souveränen Staat anerkannt, kein Mitglied der Vereinten Nationen (siehe Anmerkungen ).",Transnistrische Moldauische Republik,Tiraspol,"555.000 <!--bitte nur ändern, wenn es eine neue Quelle für alle Staaten gibt-->","3.567 <!--bitte nur ändern, wenn es eine neue Quelle für alle Staaten gibt-->",555000 / 3567   3,#,,,,Transnistria,Pridnestrowje
Trinidad und Tobago,Republik Trinidad und Tobago,Port of Spain,"1.400.000 <!--bitte nur ändern, wenn es eine neue Quelle für alle Staaten gibt-->","5.128 <!--bitte nur ändern, wenn es eine neue Quelle für alle Staaten gibt-->",1400000 / 5128   3,Trinidad and Tobago,TTO,TT,.tt,Trinidad and Tobago,Trinidad and Tobago
Tschad,Republik Tschad,N’Djamena,"14.900.000 <!--bitte nur ändern, wenn es eine neue Quelle für alle Staaten gibt-->","1.284.000 <!--bitte nur ändern, wenn es eine neue Quelle für alle Staaten gibt-->",14900000 / 1284000   3,Chad,TCD,TD,.td,Chad,Tchad
Tschechien,Tschechische Republik,Prag,"10.600.000 <!--bitte nur ändern, wenn es eine neue Quelle für alle Staaten gibt-->","78.867 <!--bitte nur ändern, wenn es eine neue Quelle für alle Staaten gibt-->",10600000 / 78867   3,Czech Republic,CZE,CZ,.cz,Czech Republic,Česká republika
Tunesien,Tunesische Republik,Tunis,"11.500.000 <!--bitte nur ändern, wenn es eine neue Quelle für alle Staaten gibt-->","163.610 <!--bitte nur ändern, wenn es eine neue Quelle für alle Staaten gibt-->",11500000 / 163610   3,Tunisia,TUN,TN,.tn,Tunisia,Tunis
Türkei,Republik Türkei,Ankara,83.150.000 <!--<ref>http://www.tuik.gov.tr/Start.do;jsessionid=y1xhcJTNnwHwghhJn71hm0M1yxwbr6kLTVQNSfwQvL5bVpRh1h6c!298425837</ref>-->,"783.562 <!--bitte nur ändern, wenn es eine neue Quelle für alle Staaten gibt-->",80900000 / 783562   3,Turkey,TUR,TR,.tr,Turkey,Türkiye
Turkmenistan,Turkmenistan,Aschgabad,"5.800.000 <!--bitte nur ändern, wenn es eine neue Quelle für alle Staaten gibt-->","488.100 <!--bitte nur ändern, wenn es eine neue Quelle für alle Staaten gibt-->",5800000 / 488100   3,Turkmenistan,TKM,TM,.tm,Turkmenistan,Türkmenistan
Tuvalu,Tuvalu,Funafuti,"10.000 <!--bitte nur ändern, wenn es eine neue Quelle für alle Staaten gibt-->","26 <!--bitte nur ändern, wenn es eine neue Quelle für alle Staaten gibt-->",10000 / 26   3,Tuvalu,TUV,TV,.tv,Tuvalu,Tuvalu
Uganda,Republik Uganda,Kampala,"42.800.000 <!--bitte nur ändern, wenn es eine neue Quelle für alle Staaten gibt-->","241.038 <!--bitte nur ändern, wenn es eine neue Quelle für alle Staaten gibt-->",42800000 / 241038   3,Uganda,UGA,UG,.ug,Uganda,Uganda
Ukraine mit Krim,Ukraine,Kiew,"42.300.000 <!--bitte nur ändern, wenn es eine neue Quelle für alle Staaten gibt-->","603.550 <!--bitte nur ändern, wenn es eine neue Quelle für alle Staaten gibt-->",42300000 / 603550   3,Ukraine,UKR,UA,.ua,Ukraine,Ukrajina
Ungarn,Ungarn,Budapest,"9.800.000 <!--bitte nur ändern, wenn es eine neue Quelle für alle Staaten gibt-->","93.028 <!--bitte nur ändern, wenn es eine neue Quelle für alle Staaten gibt-->",9800000 / 93028   3,Hungary,HUN,HU,.hu,Hungary,Magyarország
Uruguay,Republik Östlich des Uruguay,Montevideo,"3.500.000 <!--bitte nur ändern, wenn es eine neue Quelle für alle Staaten gibt-->","176.215 <!--bitte nur ändern, wenn es eine neue Quelle für alle Staaten gibt-->",3500000 / 176215   3,Uruguay,URY,UY,.uy,Uruguay,Uruguay
Usbekistan,Republik Usbekistan,Taschkent,"32.600.000 <!--bitte nur ändern, wenn es eine neue Quelle für alle Staaten gibt-->","447.400 <!--bitte nur ändern, wenn es eine neue Quelle für alle Staaten gibt-->",32600000 / 447400   3,Uzbekistan,UZB,UZ,.uz,Uzbekistan,Oʻzbekiston
Vanuatu,Republik Vanuatu,Port Vila,"300.000 <!--bitte nur ändern, wenn es eine neue Quelle für alle Staaten gibt-->","12.189 <!--bitte nur ändern, wenn es eine neue Quelle für alle Staaten gibt-->",300000 / 12189   3,Vanuatu,VUT,VU,.vu,Vanuatu,Vanuatu
Vatikanstadt,"Staat Vatikanstadt (D, CH) Staat der Vatikanstadt (A)",Stadtstaat,"829 <!--bitte nur ändern, wenn es eine neue Quelle für alle Staaten gibt-->","0,44 <!--bitte nur ändern, wenn es eine neue Quelle für alle Staaten gibt-->",829 / 0.44   3,Vatican City,VAT,VA,.va,Vatican City,Status Civitatis Vaticanæ
Venezuela,Bolivarische Republik Venezuela,Caracas,"31.400.000 <!--bitte nur ändern, wenn es eine neue Quelle für alle Staaten gibt-->","912.050 <!--bitte nur ändern, wenn es eine neue Quelle für alle Staaten gibt-->",31400000 / 912050   3,Venezuela,VEN,VE,.ve,Venezuela,Venezuela
Vereinigte Arabische Emirate,Vereinigte Arabische Emirate,Abu Dhabi,"9.400.000 <!--bitte nur ändern, wenn es eine neue Quelle für alle Staaten gibt-->","83.600 <!--bitte nur ändern, wenn es eine neue Quelle für alle Staaten gibt-->",9400000 / 83600   3,United Arab Emirates,ARE,AE,.ae,United Arab Emirates,al-Imārāt al-ʿArabīya al-Muttahida
Vereinigte Staaten ohne Außengebiete,Vereinigte Staaten von Amerika,"Washington, D.C.","325.400.000 <!--bitte nur ändern, wenn es eine neue Quelle für alle Staaten gibt-->","9.826.675 <!--bitte nur ändern, wenn es eine neue Quelle für alle Staaten gibt-->",325400000 / 9826675   3,United States,USA,US,.us,United States,United States
Vereinigtes Königreich ohne Überseegebiete und Kronbesitzungen,"Vereinigtes Königreich Großbritannien und Nordirland (D, A) Vereinigtes Königreich von Grossbritannien und Nordirland (CH)",London,"66.200.000 <!--bitte nur ändern, wenn es eine neue Quelle für alle Staaten gibt-->","243.610 <!--bitte nur ändern, wenn es eine neue Quelle für alle Staaten gibt-->",66200000 / 243610   3,United Kingdom,GBR,GB (UK),.uk ( .gb ),United Kingdom,United Kingdom
Vietnam,Sozialistische Republik Vietnam,Hanoi,"93.700.000 <!--bitte nur ändern, wenn es eine neue Quelle für alle Staaten gibt-->","331.210 <!--bitte nur ändern, wenn es eine neue Quelle für alle Staaten gibt-->",93700000 / 331210   3,Vietnam,VNM,VN,.vn,Vietnam,Việt Nam
Weißrussland,Republik Belarus Für den innerstaatlichen Schriftverkehr sowie Beschriftung von Landkarten gilt die traditionelle Bezeichnung „Republik Weißrussland“. Im amtlichen zwischenstaatlichen Schriftverkehr gilt die Bezeichnung „Republik Belarus“.,Minsk,"9.500.000 <!--bitte nur ändern, wenn es eine neue Quelle für alle Staaten gibt-->","207.600 <!--bitte nur ändern, wenn es eine neue Quelle für alle Staaten gibt-->",9500000 / 207600   3,Belarus,BLR,BY,.by,Belarus,Belarus
Westsahara,Demokratische Arabische Republik Sahara,El Aaiún,"600.000 <!--bitte nur ändern, wenn es eine neue Quelle für alle Staaten gibt-->","266.000 <!--bitte nur ändern, wenn es eine neue Quelle für alle Staaten gibt-->",600000 / 266000   3,Western Sahara,ESH,EH,.eh,Western Sahara oder Sahrawi Arab Democratic Republic,Sahara Occidental
Zentral&shy;afrikanische Republik,Zentral &shy; afrikanische Republik,Bangui,"4.700.000 <!--bitte nur ändern, wenn es eine neue Quelle für alle Staaten gibt-->","622.984 <!--bitte nur ändern, wenn es eine neue Quelle für alle Staaten gibt-->",4700000 / 622984   3,Central African Republic,CAF,CF,.cf,Central African Republic,République Centrafricaine
Zypern mit Nordzypern,Republik Zypern,Nikosia,"1.200.000 <!--bitte nur ändern, wenn es eine neue Quelle für alle Staaten gibt-->","9.251 <!--bitte nur ändern, wenn es eine neue Quelle für alle Staaten gibt-->",1200000 / 9251   3,Cyprus,CYP,CY,.cy,Cyprus,Kýpros ( griechisch ) Kıbrıs ( türkisch )
Staat,Langform des Staatsnamens,Hauptstadt,Einwohner 2017,Fläche in km²,Einw. pro km²,Flag&shy;ge,ISO-3 -Kürzel,ISO-2-Kürzel,TLD,Englischer Name,Lokaler Name
